번호,지역,회사명,전화번호,생산품,공장대표주소
1,서대구산업단지,26STORY,070-4103-1026,"프린팅원단,기능성원단","대구광역시 서구 와룡로 385-3 (중리동, 동신)"
2,서대구산업단지,주식회사 홈앤코리아,070-4123-9934,부직포(자동차내장제),대구광역시 서구 문화로23길 14-1 (이현동)
3,서대구산업단지,(주)일진바이오,070-5038-5229,가공식품(단백질보충용),대구광역시 서구 와룡로97길 15 (이현동)
4,서대구산업단지,켐테크미드,070-8711-5533,"방청제,피막약품용제,무전해도금용제",대구광역시 서구 와룡로73길 26 (중리동)
5,서대구산업단지,천프라자,070-8748-3707,침장,대구광역시 서구 와룡로72길 37-5 (중리동)
6,서대구산업단지,대광섬유,053-246-2731,폴리에스터,대구광역시 서구 평리로35길 84 (중리동)
7,서대구산업단지,종합광고에스엠,053-247-8575,"간판,안내판,옥외광고 외",대구광역시 서구 와룡로84길 13-2 (이현동)
8,서대구산업단지,천일인쇄소,053-253-9590,박스인쇄,"대구광역시 서구 평리로29길 26 (중리동, 중리동공장)"
9,서대구산업단지,엠씨이엔지(모토캠프),053-254-9462,"레저용품,트레일러",대구광역시 서구 와룡로87길 28 (이현동)
10,서대구산업단지,(주)네오피지오텍,053-256-1238,우레탄발포성형베개,"대구광역시 서구 와룡로97길 14, 이현팩토리밸리 1동 (이현동)"
11,서대구산업단지,오성상회,053-256-1317,한복지,대구광역시 서구 와룡로72길 37-2 (중리동)
12,서대구산업단지,산내들식품,053-256-3223,삼계탕부자재,"대구광역시 서구 와룡로99길 17, 이현팩토리밸리 14호 (이현동)"
13,서대구산업단지,드림패케이지,053-257-7731,"종이박스,쇼핑백",대구광역시 서구 와룡로99길 24 (이현동)
14,서대구산업단지,창대샷다,053-263-4504,샷다,대구광역시 서구 평리로35길 65 (중리동)
15,서대구산업단지,(주)성광공업,053-286-3666,자동차부품 도금,"대구광역시 서구 문화로17길 23, 1층 (이현동)"
16,서대구산업단지,(주)마이하우스,053-295-1065,침구류,대구광역시 서구 문화로19길 3 (이현동)
17,서대구산업단지,(주)마이하우스,053-295-1065,"침구류,커튼",대구광역시 서구 와룡로 447-5 (이현동)
18,서대구산업단지,신세계니트,053-295-6858,니트,대구광역시 서구 문화로23길 9 (이현동)
19,서대구산업단지,다운연마,053-314-4300,기계부품연마,대구광역시 서구 문화로14길 28 (이현동)
20,서대구산업단지,주식회사 하나디앤비(D&B),053-314-4980,"침구,수예소품",대구광역시 서구 와룡로90길 14 (이현동)
21,서대구산업단지,경민FCR,053-341-5002,섬유후가공(코팅),대구광역시 서구 와룡로66안길 10 (중리동)
22,서대구산업단지,CORI DENT,053-351-1772,치과교합기,"대구광역시 서구 와룡로83길 9 (이현동, 우주정밀)"
23,서대구산업단지,성진테크,053-351-6301,"스텐후렘,세이프도어",대구광역시 서구 와룡로66길 45 (중리동)
24,서대구산업단지,유신정밀산업,053-351-6501,"금속절단, 절곡",대구광역시 서구 이현동  42-604 
25,서대구산업단지,다은섬유,053-352-2672,섬유나염(로라),대구광역시 서구 와룡로100길 16 (이현동)
26,서대구산업단지,티에이에스인스펙션,053-352-3945,근무복,대구광역시 서구 와룡로69길 72 (중리동)
27,서대구산업단지,동아환경(주),053-353-5534,집집기,"대구광역시 서구 와룡로 447-13 (이현동, 청구수산)"
28,서대구산업단지,KD테크,053-353-6423,자동차 농기계부품,대구광역시 서구 와룡로87길 30 (이현동)
29,서대구산업단지,에스아이월드(SI WORLD),053-353-6850,염색용착색제,대구광역시 서구 문화로23길 22 (이현동)
30,서대구산업단지,주식회사 해동섬유,053-353-8060,섬유후가공,"대구광역시 서구 와룡로66길 21 (중리동, 금보교역)"
31,서대구산업단지,새한계전,053-354-0953,"자동제어,배전반",대구광역시 서구 와룡로97길 23 (이현동)
32,서대구산업단지,(주)코리아실크로드,053-354-6637,"Nylon,Polyester,Cotton,Mixture Textile",대구광역시 서구 국채보상로3길 24-1 (이현동)
33,서대구산업단지,한진,053-354-8061,보일러,대구광역시 서구 문화로 38-7 (이현동)
34,서대구산업단지,태성NC,053-354-8170,방전가공,대구광역시 서구 와룡로99길 17 (이현동)
35,서대구산업단지,태경세라믹,053-355-2129,세라믹전자부품,대구광역시 서구 국채보상로3길 28-1 (이현동)
36,서대구산업단지,주식회사 인성이엔지,053-355-4354,자동화기계,대구광역시 서구 와룡로97길 18 (이현동)
37,서대구산업단지,(주)이수스틸,053-356-1884,"못,나사,볼트","대구광역시 서구 와룡로97길 14, 4동 (이현동)"
38,서대구산업단지,덕원ENG,053-356-3408,파이프,대구광역시 서구 와룡로72길 35 (중리동)
39,서대구산업단지,덕원산업,053-356-3408,탱크,대구광역시 서구 와룡로72길 35 (중리동)
40,서대구산업단지,거대산업,053-358-0121,농기구 부속,"대구광역시 서구 와룡로100길 16, 지하1층 (이현동)"
41,서대구산업단지,(주)가온텍,053-358-6638,진동융착지그,대구광역시 서구 문화로3길 8 (이현동)
42,서대구산업단지,(주)대동계전,053-358-6662,수배전반,대구광역시 서구 와룡로73길 25 (중리동)
43,서대구산업단지,현성산업,053-358-7595,자동차 부품,대구광역시 서구 문화로7길 23 (이현동)
44,서대구산업단지,하동기공,053-358-9564,산업용나이프류,대구광역시 서구 국채보상로10길 19 (중리동)
45,서대구산업단지,신우바이오텍스,053-358-9631,"폴리노직,면",대구광역시 서구 와룡로100길 16 (이현동)
46,서대구산업단지,상일산업,053-359-1300,싱크대,대구광역시 서구 평리로35길 63-1 (중리동)
47,서대구산업단지,부광공업,053-382-7575,자동차부품,대구광역시 서구 국채보상로6길 12-3 (중리동)
48,서대구산업단지,동음전자,053-382-9900,스피커,"대구광역시 서구 와룡로 385-3 (중리동, 동신)"
49,서대구산업단지,(주)아크로텍스,053-383-2801,합성피혁,"대구광역시 서구 와룡로66길 65-13, 6동 (중리동)"
50,서대구산업단지,(주)미래인터텍스,053-384-3191,"이불,베개,패드",대구광역시 서구 와룡로73길 27 (중리동)
51,서대구산업단지,한솔블라인드,053-427-7845,블라인드,대구광역시 서구 와룡로100길 17 (이현동)
52,서대구산업단지,원데코,053-431-5001,"버티칼, 롤스크린",대구광역시 서구 와룡로 386 (중리동)
53,서대구산업단지,(주)힐링티에프케이,053-521-0308,원적외선 음이온 방사기기,"대구광역시 서구 와룡로100길 10, 3층 (이현동)"
54,서대구산업단지,우진산업,053-521-1895,건축용 플라스틱,대구광역시 서구 와룡로83길 7 (이현동)
55,서대구산업단지,동인알앤씨,053-521-4310,"문고리,도르레(창호)",대구광역시 서구 국채보상로3길 32 (이현동)
56,서대구산업단지,춘양목형산업,053-521-8625,"목,금형",대구광역시 서구 와룡로99길 38 (이현동)
57,서대구산업단지,태성LED,053-521-9140,간판.LED,대구광역시 서구 국채보상로14길 20-2 (중리동)
58,서대구산업단지,보명엘엔씨,053-521-9400,조명기구제작,"대구광역시 서구 문화로19길 3, 102호(공장),301호(사무실) (이현동, 동양어패럴)"
59,서대구산업단지,(주)한솔아이엠비,053-522-2033,블라인드,대구광역시 서구 와룡로 451 (이현동)
60,서대구산업단지,천일장갑 제2공장,053-522-2230,장갑,"대구광역시 서구 와룡로70길 13 (중리동, 천일장갑)"
61,서대구산업단지,천일장갑,053-522-2230,면장갑,"대구광역시 서구 와룡로72길 12 (중리동, 예성텍스&디자인)"
62,서대구산업단지,C.K Texetile,053-522-2311,수직샘플,"대구광역시 서구 와룡로65길 16, 상아테크 205호 (중리동)"
63,서대구산업단지,아이.피.티(I.P.T),053-522-2338,섬유정포가공,대구광역시 서구 와룡로72길 39 (중리동)
64,서대구산업단지,태람,053-522-3800,우드블라인드,대구광역시 서구 국채보상로14길 29-13 (중리동)
65,서대구산업단지,디케이아이(DKI)인스펙션,053-522-5571,바지,대구광역시 서구 와룡로72길 37-7 (중리동)
66,서대구산업단지,하나로테크,053-522-7411,자동차부품,"대구광역시 서구 와룡로97길 7 (이현동, 하나로테크)"
67,서대구산업단지,상운도금,053-522-8226,"전자부품,자동차부품",대구광역시 서구 와룡로73길 57-22 (중리동)
68,서대구산업단지,태일테크,053-523-1467,프레스금형,대구광역시 서구 와룡로87길 40 (이현동)
69,서대구산업단지,보영엔지니어링,053-523-3627,농임업용동력분무기,대구광역시 서구 국채보상로3길 20-1 (이현동)
70,서대구산업단지,한국네츄럴팜,053-523-5672,건강기능식품,대구광역시 서구 문화로 22-19 (이현동)
71,서대구산업단지,달서유리,053-523-6262,"거울,유리제품","대구광역시 서구 와룡로66길 26 (중리동, JS어패럴)"
72,서대구산업단지,프릭스코리아,053-523-7277,"등산복, 근무복, 작업복 등 의류",대구광역시 서구 평리로35길 12 (중리동)
73,서대구산업단지,주식회사 라온씨앤비,053-523-7751,빵,"대구광역시 서구 와룡로65길 22, A동 115호 (중리동, 태백)"
74,서대구산업단지,명진섬유,053-523-8122,와인더(실),대구광역시 서구 와룡로73길 25 (중리동)
75,서대구산업단지,J&C컴퍼니,053-523-9933,"티셔츠,체육복",대구광역시 서구 와룡로72길 37-4 (중리동)
76,서대구산업단지,대양금속,053-524-0483,자동차부품,대구광역시 서구 와룡로87길 31 (이현동)
77,서대구산업단지,경희테크,053-524-1545,자동차엔진부큐숀생산,대구광역시 서구 국채보상로5길 29 (이현동)
78,서대구산업단지,(주)마루콜렉션,053-524-2467,침구류,대구광역시 서구 이현동 42-584번지
79,서대구산업단지,AMP테크,053-524-6640,자동차부품,대구광역시 서구 와룡로66길 21 (중리동)
80,서대구산업단지,(주)동진분체,053-525-0477,분체 도장,대구광역시 서구 문화로 22-9 (이현동)
81,서대구산업단지,(주)더여일,053-525-2347,"CCTV,방송음향기기,조명제어,경관조명,주차관제,전자제어기기","대구광역시 서구 와룡로72길 37-10, 2층 (중리동)"
82,서대구산업단지,창문애아트블라인드,053-525-4096,롤스크린,대구광역시 서구 와룡로66길 44 (중리동)
83,서대구산업단지,(주)대풍디앤에프,053-525-4447,포장육,대구광역시 서구 평리로35길 90-5 (중리동)
84,서대구산업단지,샤인(Shine),053-525-5009,"커튼,블라인드","대구광역시 서구 와룡로 417 (이현동, 공단자동차학원)"
85,서대구산업단지,주식회사  서진가공,053-525-6776,폴리가공,대구광역시 서구 평리로29길 28 (중리동)
86,서대구산업단지,미광금사,053-525-7210,금속실,대구광역시 서구 와룡로73길 57-8 (중리동)
87,서대구산업단지,주식회사 재령창호건설,053-525-7586,금속재 창호,대구광역시 서구 와룡로73길 57-26 (중리동)
88,서대구산업단지,(주)미앤부티,053-525-7681,"도금원단, 로브",대구광역시 서구 와룡로73길 57-19 (중리동)
89,서대구산업단지,승리금속,053-526-0702,도금,대구광역시 서구 와룡로66길 21 (중리동)
90,서대구산업단지,(주)삼원기업,053-526-5555,"건축용 프레임, 이동용 대차",대구광역시 서구 와룡로100길 15 (이현동)
91,서대구산업단지,태성공업사,053-526-5660,"주방용품,자동차부품",대구광역시 서구 문화로19길 28 (이현동)
92,서대구산업단지,진품가구아울렛,053-526-8598,돌침대,대구광역시 서구 국채보상로2길 29 (중리동)
93,서대구산업단지,(주)신창조산업,053-527-7002,우드칩,대구광역시 서구 문화로4길 20 (이현동)
94,서대구산업단지,(주)미래테크,053-527-9045,"자동차검사장비, 검사구",대구광역시 서구 국채보상로3길 34-1 (이현동)
95,서대구산업단지,(주)태호기계,053-551-0163,양말 편직기,"대구광역시 서구 평리로33길 29 (중리동, 태호기계)"
96,서대구산업단지,(주)제이스디자인,053-551-1171,간판,대구광역시 서구 문화로23길 18-1 (이현동)
97,서대구산업단지,동남기계제작소,053-551-1452,맛김생산기계,대구광역시 서구 와룡로87길 68 (이현동)
98,서대구산업단지,신흥통상(주),053-551-1780,염색원단,"대구광역시 서구 평리로21길 20 (중리동, 신흥통상)"
99,서대구산업단지,(주)이엠에스,053-551-2091,도시락,대구광역시 서구 문화로23길 16 (이현동)
100,서대구산업단지,(주)평화플랜트,053-551-2536,냉동기계,대구광역시 서구 와룡로90길 45 (이현동)
101,서대구산업단지,금성섬유(주),053-551-3103,임직물,"대구광역시 서구 국채보상로14길 5 (중리동, 금성섬유)"
102,서대구산업단지,(주)대경에프엔티,053-551-4150,폴리에스텔,"대구광역시 서구 문화로4길 16 (이현동, 한주통상)"
103,서대구산업단지,제이엠테크,053-551-4649,"볼트 등 금형, 단조금형, 세라믹금형",대구광역시 서구 와룡로72길 35 (중리동)
104,서대구산업단지,(주)대경텍 이현공장,053-551-5200,염직물,대구광역시 서구 와룡로87길 74 (이현동)
105,서대구산업단지,에이지에이텍스주식회사,053-551-5841,폴리에스텔,대구광역시 서구 와룡로75길 30 (중리동)
106,서대구산업단지,(주)보국텍스,053-551-6090,"안감지,학생복,가방지",대구광역시 서구 와룡로66안길 22 (중리동)
107,서대구산업단지,마디산업개발,053-551-6300,자전거공기주입기 외,"대구광역시 서구 국채보상로23길 7-3 (이현동, 금강빌딩)"
108,서대구산업단지,(주)유신테크,053-551-6505,금속절단절곡,대구광역시 서구 문화로3길 25 (이현동)
109,서대구산업단지,(주)대창무역,053-551-7952,"침구류,환자복,유니폼 등",대구광역시 서구 문화로21길 26 (이현동)
110,서대구산업단지,(주)대창티앤비 1공장,053-551-7952,"침구류,환자복,유니폼,손수건, 사원복 등","대구광역시 서구 문화로21길 26, 205호 (이현동)"
111,서대구산업단지,(주)보광직물,053-551-9901,"면직물, 판촉용의류,봉제류 제조품","대구광역시 서구 국채보상로20길 24 (중리동, (주)보광직물)"
112,서대구산업단지,(주)성진EMB,053-552-0048,의류용 자수제품,대구광역시 서구 문화로 22-20 (이현동)
113,서대구산업단지,(주)명진초경,053-552-0301,자동차부품 금형,대구광역시 서구 국채보상로3길 14 (이현동)
114,서대구산업단지,대현산업,053-552-0415,염색기부품,대구광역시 서구 문화로14길 28 (이현동)
115,서대구산업단지,영광직물,053-552-1234,의복,대구광역시 서구 와룡로72길 37-6 (중리동)
116,서대구산업단지,(주)대성무역,053-552-1571,"면직물,특장차","대구광역시 서구 와룡로 480 (이현동, 대성무역)"
117,서대구산업단지,기공사,053-552-2355,로링 및 교정,대구광역시 서구 문화로14길 32 (이현동)
118,서대구산업단지,(주)신흥환경금속,053-552-3124,"금, 은",대구광역시 서구 평리로35길 65-1 (중리동)
119,서대구산업단지,평화산업,053-552-7088,운동복 등,"대구광역시 서구 평리로35길 14 (중리동, 퀸스로드)"
120,서대구산업단지,아리아,053-552-7429,"이불,패드,베개,방석",대구광역시 서구 평리로35길 37 (중리동)
121,서대구산업단지,일심,053-552-9103,자동차부품(린게지 및 레찌),대구광역시 서구 와룡로90길 39 (이현동)
122,서대구산업단지,화성정밀기계,053-553-0657,햇다기,"대구광역시 서구 국채보상로 90 (중리동, 화성정밀) (총 2 필지)"
123,서대구산업단지,미래제판,053-553-1701,철로라 가공,대구광역시 서구 와룡로70길 43 (중리동)
124,서대구산업단지,유한메디칼,053-553-2100,약포장기,"대구광역시 서구 국채보상로 38-10 (중리동, 성팀제침공업사)"
125,서대구산업단지,미다스캐스트,053-553-2246,"회주철,구상흑연주철","대구광역시 서구 평리로35길 13-12 (중리동, 태백주철)"
126,서대구산업단지,백산자카드(주),053-553-3496,폴리에스텔,"대구광역시 서구 평리로35길 85 (중리동, 백산무역)"
127,서대구산업단지,흥림아이앤씨,053-553-4094,나염 및 의류,"대구광역시 서구 와룡로99길 17, 18동 (이현동)"
128,서대구산업단지,국제옵티칼(주),053-553-4466,안경테,대구광역시 서구 평리로21길 23-6 (중리동)
129,서대구산업단지,고려산업,053-553-4855,메리야스,대구광역시 서구 문화로23길 14 (이현동)
130,서대구산업단지,미광화섬,053-553-5255,포대,대구광역시 서구 국채보상로20길 10-6 (중리동)
131,서대구산업단지,송화침장,053-553-9631,침장,대구광역시 서구 와룡로 434 (이현동)
132,서대구산업단지,장수섬유,053-554-0990,폴리에스터직물,대구광역시 서구 와룡로72길 15 (중리동)
133,서대구산업단지,삼호특수가공,053-554-4520,시트직물 가공,"대구광역시 서구 국채보상로7길 48 (이현동, 삼호특수가공공장)"
134,서대구산업단지,유한사,053-554-4949,"왼쇄물,다이어리","대구광역시 서구 평리로29길 15 (중리동, 유한사)"
135,서대구산업단지,제승YK,053-554-5009,본딩가공원단,대구광역시 서구 국채보상로7길 24 (이현동)
136,서대구산업단지,석림세라믹스,053-554-8668,세라믹,대구광역시 서구 와룡로 391-7 (중리동)
137,서대구산업단지,(주)대양,053-554-9993,"기계부품,자동차부품",대구광역시 서구 문화로 77 (이현동)
138,서대구산업단지,꿈앤들,053-555-0016,복합비료,"대구광역시 서구 와룡로 367 (중리동, 성양실업(주))"
139,서대구산업단지,세화섬유,053-555-1133,셔츠,"대구광역시 서구 와룡로75길 14 (중리동, 세화어페럴)"
140,서대구산업단지,(주)이화환경,053-555-2126,산업공해방지기기,"대구광역시 서구 와룡로83길 13 (이현동, (주)이화환경)"
141,서대구산업단지,동원파이프(주),053-555-2311,강관,"대구광역시 서구 북비산로6길 28 (이현동, 동원파이프(주))"
142,서대구산업단지,대영일렉트론,053-555-2347,"CCTV관련장비,경관조명폴,LED조명",대구광역시 서구 와룡로72길 37-10 (중리동)
143,서대구산업단지,(주)어반홈,053-555-2888,침구류,대구광역시 서구 와룡로69길 22 (중리동)
144,서대구산업단지,영하우스,053-555-2888,침구,대구광역시 서구 와룡로69길 24 (중리동)
145,서대구산업단지,부경자동화,053-555-2976,자동화 시스템(기계),대구광역시 서구 문화로7길 28 (이현동)
146,서대구산업단지,경일화학,053-555-2980,건축용 스티로폼,"대구광역시 서구 와룡로 428-5 (이현동, 경일화학)"
147,서대구산업단지,오대산업(주),053-555-4072,자동차부품,대구광역시 서구 국채보상로19길 20 (이현동)
148,서대구산업단지,광동금속,053-555-4855,고압밸브부품,대구광역시 서구 국채보상로20길 31 (중리동)
149,서대구산업단지,태경도금,053-555-5105,플라스틱 도금,대구광역시 서구 국채보상로14길 29-8 (중리동)
150,서대구산업단지,우일,053-555-5599,오토바이 부품,대구광역시 서구 와룡로87길 88 (이현동)
151,서대구산업단지,유일테크,053-555-5685,금형,대구광역시 서구 국채보상로20길 10 (중리동)
152,서대구산업단지,무성철강,053-555-5989,절삭가공 부분품,대구광역시 서구 와룡로73길 7 (중리동)
153,서대구산업단지,창영엠보,053-555-6239,폴리에스텔,"대구광역시 서구 문화로17길 21 (이현동, 창녕엠보)"
154,서대구산업단지,이화제면,053-555-6446,"화학솜,목화솜","대구광역시 서구 국채보상로7길 20 (이현동, 이화제면)"
155,서대구산업단지,보광니트,053-555-7366,장식용섬유,"대구광역시 서구 와룡로98길 41 (이현동, 한유카경정비)"
156,서대구산업단지,청운기계,053-555-8060,섬유기계부품,대구광역시 서구 문화로 20 (이현동)
157,서대구산업단지,우남침장,053-555-8501,침구류,대구광역시 서구 와룡로70길 40-1 (중리동)
158,서대구산업단지,아이에스테크,053-555-9260,"자동차 부품(브레이크,휠실린더,피스톤)",대구광역시 서구 국채보상로2길 29 (중리동)
159,서대구산업단지,보천텍스피아,053-555-9511,폴리에스터,"대구광역시 서구 와룡로99길 17, 13동 (이현동)"
160,서대구산업단지,(주)진원이엔지,053-556-0113,"바란스측정기계(변량검사,측정기)","대구광역시 서구 와룡로 385-8 (중리동, 진원)"
161,서대구산업단지,(주)에너지뱅크,053-556-0329,축열조,대구광역시 서구 국채보상로 45-13 (이현동)
162,서대구산업단지,대구신소재 제2공장,053-556-1365,초경합금소재 ,대구광역시 서구 국채보상로7길 42-11 (이현동)
163,서대구산업단지,대구신소재,053-556-1365,초경합금,"대구광역시 서구 와룡로83길 15 (이현동, 대구신소재)"
164,서대구산업단지,(주)대광기공,053-556-2080,"금속조립품,농업용수관련 기계","대구광역시 서구 문화로14길 22 (이현동, 내근금속)"
165,서대구산업단지,삼현산업,053-556-4986,도금(자동차부품),대구광역시 서구 와룡로83길 5-1 (이현동)
166,서대구산업단지,풍국산업(주),053-556-5001,정미,대구광역시 서구 와룡로90길 64 (이현동)
167,서대구산업단지,엠제이 블라인드 ,053-556-5300,"블라인드, 롤스크린",대구광역시 서구 와룡로90길 26 (이현동)
168,서대구산업단지,삼화식품(주),053-556-5501,간장,"대구광역시 서구 와룡로 343 (중리동, 삼화식품)"
169,서대구산업단지,(주)대림스틸,053-556-5579,철판,대구광역시 서구 와룡로 443 (이현동)
170,서대구산업단지,미주오토텍(주) 대구1공장,053-556-6171,비주거용건물임대업,"대구광역시 서구 와룡로 490 (이현동, 미주금속)"
171,서대구산업단지,유승기계제작소,053-556-6245,탈수기,"대구광역시 서구 와룡로90길 18-5 (이현동, 유승기계제작소)"
172,서대구산업단지,삼진염공,053-556-6674,섬유염색,대구광역시 서구 북비산로6길 5 (이현동)
173,서대구산업단지,대우산업사,053-556-7042,"자동차부품,가구부",대구광역시 서구 국채보상로21길 11 (이현동)
174,서대구산업단지,형제금속산업(주),053-556-8391,자동차용금형,대구광역시 서구 문화로14길 6 (이현동)
175,서대구산업단지,제라(주),053-556-9700,버티칼블라인드,대구광역시 서구 문화로23길 13 (이현동)
176,서대구산업단지,주식회사 한마당,053-557-0006,돼지부산물,대구광역시 서구 문화로7길 24 (이현동)
177,서대구산업단지,대성산업가스(주),053-557-0034,고압가스,대구광역시 서구 와룡로 430 (이현동)
178,서대구산업단지,(주)보국섬유,053-557-0526,면직물,"대구광역시 서구 국채보상로21길 15 (이현동, 정현물산(주))"
179,서대구산업단지,한성강건,053-557-0757,방화문,"대구광역시 서구 평리로21길 25 (중리동, 한성방화문)"
180,서대구산업단지,한빛,053-557-1693,침구류,대구광역시 서구 와룡로66길 13-2 (중리동)
181,서대구산업단지,세진테크,053-557-2589,식품가공기계,대구광역시 서구 와룡로70길 16-3 (중리동)
182,서대구산업단지,(주)유창롤,053-557-2643,"스판드릴,M-BAR","대구광역시 서구 문화로21길 30 (이현동, 유창수출(주))"
183,서대구산업단지,신원정밀공업사,053-557-2966,"편직기바늘, 선박실린더 부품","대구광역시 서구 평리로33길 30 (중리동, 대구내화)"
184,서대구산업단지,일출산업사,053-557-3008,자동차부품,대구광역시 서구 국채보상로5길 15 (이현동)
185,서대구산업단지,한국알미늄벤딩,053-557-4600,알루미늄 벤딩,대구광역시 서구 와룡로 435 (이현동)
186,서대구산업단지,(주)청수,053-557-4900,여과기시스템,"대구광역시 서구 와룡로72길 8 (중리동, 정화수출포장)"
187,서대구산업단지,(주)경동세라텍,053-557-6100,세라믹 제품,대구광역시 서구 국채보상로14길 32 (중리동)
188,서대구산업단지,(주)태극식품,053-557-6464,단체급식,대구광역시 서구 국채보상로 21 (이현동)
189,서대구산업단지,(주)대성도어몰딩,053-557-8750,몰딩(목재),대구광역시 서구 문화로23길 29 (이현동)
190,서대구산업단지,대성도어,053-557-8750,ABS도어,대구광역시 서구 이현동 42-367 번지
191,서대구산업단지,신라산업,053-557-9125,임연사,대구광역시 서구 평리로35길 81 (중리동)
192,서대구산업단지,(주)한국파일,053-557-9281,염사,대구광역시 서구 국채보상로 20 (중리동)
193,서대구산업단지,(주)신광타올,053-557-9992,타올,대구광역시 서구 와룡로69길 6 (중리동)
194,서대구산업단지,삼우금속,053-558-1550,자동차부품,대구광역시 서구 와룡로69길 60-7 (중리동)
195,서대구산업단지,세일정밀,053-558-2264,자동차부품,"대구광역시 서구 국채보상로 45-11 (이현동, 세일정밀)"
196,서대구산업단지,삼익양말,053-558-3389,양말,"대구광역시 서구 와룡로84길 17 (이현동, 하이트공장대구지점)"
197,서대구산업단지,(주)모든창,053-558-3509,"커튼,블라인드","대구광역시 서구 와룡로65길 22, A동 지하 112호 (중리동, 태백)"
198,서대구산업단지,삼화실업,053-558-4319,폴리에스텔,대구광역시 서구 국채보상로20길 10-5 (중리동)
199,서대구산업단지,세영섬유,053-558-8822,"나일론,폴리에스터직물","대구광역시 서구 와룡로87길 15 (이현동, 세영섬유)"
200,서대구산업단지,부광직물,053-559-2412,망사,대구광역시 서구 평리로35길 84 (중리동)
201,서대구산업단지,화남공업,053-559-2900,"원단건조기, 직기롤러",대구광역시 서구 와룡로97길 5 (이현동)
202,서대구산업단지,명문산업,053-559-4511,자동차부품 풀리(전착),"대구광역시 서구 국채보상로21길 26 (이현동, 명문기업)"
203,서대구산업단지,제성양말,053-559-4839,양말,"대구광역시 서구 평리로35길 5-12 (중리동, 삼양석유)"
204,서대구산업단지,(주)디에스에스텍스타일,053-559-7554,"POLYESTER, 날염",대구광역시 서구 문화로3길 14 (이현동)
205,서대구산업단지,경창산업(주),053-560-0201,자동차용케이블,"대구광역시 서구 국채보상로 104 (중리동, 경창산업(주))"
206,서대구산업단지,송마디엠씨(주),053-560-6100,"CNC선반,자동차부품(안전벨트,핸들,에어백)",대구광역시 서구 와룡로66길 8 (중리동)
207,서대구산업단지,(주)키토랑,053-560-9911,포장육,대구광역시 서구 와룡로73길 50 (중리동)
208,서대구산업단지,대현산업,053-561-3731,커텐지,"대구광역시 서구 와룡로75길 24 (중리동, 대현산업)"
209,서대구산업단지,경명섬유,053-561-4150,폴리에스텔,"대구광역시 서구 문화로21길 34 (이현동, 경명섬유)"
210,서대구산업단지,태평양금속,053-561-4433,자동차부품열처리,"대구광역시 서구 문화로3길 10 (이현동, 대평양금속)"
211,서대구산업단지,화성금속,053-561-4948,자동차부품,"대구광역시 서구 와룡로70길 31 (중리동, 화성금속)"
212,서대구산업단지,티케이금속,053-561-6651,콘베어부품,대구광역시 서구 국채보상로20길 20-5 (중리동)
213,서대구산업단지,(주)하나텍스 대구공장,053-562-0032,블라인드,대구광역시 서구 와룡로98길 17 (이현동)
214,서대구산업단지,태성분전반,053-562-0811,분전반,대구광역시 서구 북비산로 78 (이현동)
215,서대구산업단지,대흥산업사,053-562-1281,"재봉사,퀄팅사",대구광역시 서구 국채보상로5길 12 (이현동)
216,서대구산업단지,경북산소(주),053-562-1614,산업용가스,"대구광역시 서구 와룡로100길 54 (이현동, 경북산소(주))"
217,서대구산업단지,(주)성진직물,053-562-2100,나일론,"대구광역시 서구 와룡로75길 15 (중리동, 성진직물)"
218,서대구산업단지,아이테크,053-562-2463,안경테코팅,대구광역시 서구 평리로33길 20 (중리동)
219,서대구산업단지,(주)케이에스케이 대구지점,053-562-3410,섬유제품전수검사 및 정포,대구광역시 서구 와룡로70길 16-6 (중리동)
220,서대구산업단지,동광화섬,053-562-3428,폴리에스텔사,"대구광역시 서구 평리로35길 25 (중리동, 승진화섬)"
221,서대구산업단지,(주)구띠,053-562-4933,섬유정포가공,대구광역시 서구 문화로21길 10 (이현동)
222,서대구산업단지,성진산업사,053-562-5277,커텐지,"대구광역시 서구 와룡로84길 25 (이현동, 하이트공장대구지점)"
223,서대구산업단지,중앙텍스,053-562-6323,컴퓨터자수제품,"대구광역시 서구 국채보상로10길 6 (중리동, 중앙자수)"
224,서대구산업단지,금호금속,053-562-6822,"와이어로프고리,밸브,주조품",대구광역시 서구 와룡로70길 16-5 (중리동)
225,서대구산업단지,신용종합주방,053-562-6924,주방기구,대구광역시 서구 와룡로65길 10 (중리동)
226,서대구산업단지,미키코리아(주),053-562-7500,휠체어,"대구광역시 서구 와룡로66길 35 (중리동, 미키코리아)"
227,서대구산업단지,경원인더스트리(주),053-562-8111,섬유기계부품(종광),대구광역시 서구 와룡로66길 7-8 (중리동)
228,서대구산업단지,동천금속,053-563-0844,자동차부품,대구광역시 서구 국채보상로 38-12 (중리동)
229,서대구산업단지,묘산지공사,053-563-1206,한지원단제품,대구광역시 서구 와룡로72길 37-2 (중리동)
230,서대구산업단지,(주)미앤부티 제2공장,053-563-1320,폴리에스테르,대구광역시 서구 와룡로73길 29 (중리동)
231,서대구산업단지,(주)하나특수제판,053-563-1526,제판,대구광역시 서구 국채보상로6길 12-14 (중리동)
232,서대구산업단지,(주)홍창 제2공장,053-563-2255,"너트,철사",대구광역시 서구 평리로33길 17 (중리동)
233,서대구산업단지,태성금속,053-563-2544,"나사못,자동차부품 ",대구광역시 서구 와룡로 377-8 (중리동)
234,서대구산업단지,미진산업사,053-563-6924,화섬직,대구광역시 서구 와룡로99길 32 (이현동)
235,서대구산업단지,팔공산업,053-563-8080,"산업용초음파세척기,상토제조기",대구광역시 서구 국채보상로3길 26 (이현동)
236,서대구산업단지,삼성종합기계,053-563-8962,"정미기,고추건조기",대구광역시 서구 평리로17길 30 (중리동)
237,서대구산업단지,(주)남경씨앤비,053-564-0123,"전자클러치,브레이크",대구광역시 서구 국채보상로23길 7 (이현동)
238,서대구산업단지,미지앤,053-564-0230,롤스크린,대구광역시 서구 평리로35길 5-12 (중리동)
239,서대구산업단지,영진전사,053-564-0257,나염직,"대구광역시 서구 문화로7길 29 (이현동, 영진전사)"
240,서대구산업단지,(주)이베인,053-564-1120,"이불,침구류","대구광역시 서구 와룡로66길 11, 2층 (중리동)"
241,서대구산업단지,아세아 비엔에이치 씨,053-564-1211,화장품,"대구광역시 서구 북비산로 12-18 (이현동, 아세아화학)"
242,서대구산업단지,대흥산업,053-564-1732,"나일론,폴리에스텔직물 코팅",대구광역시 서구 와룡로90길 8 (이현동)
243,서대구산업단지,(주)한국소방기구제작소,053-564-2201,소화기,"대구광역시 서구 평리로29길 33 (중리동, 한국소방기구)"
244,서대구산업단지,부국디앤피,053-564-4441,인쇄물,"대구광역시 서구 와룡로100길 46 (이현동, 부국기획)"
245,서대구산업단지,성광테크,053-564-4461,자동차 부품 도금,대구광역시 서구 국채보상로10길 8 (중리동)
246,서대구산업단지,인디샘,053-564-5201,"인쇄, 섬유샘플","대구광역시 서구 와룡로99길 23 (이현동, 연주어패럴)"
247,서대구산업단지,대일텍스,053-564-5700,"섬유가공,다림질",대구광역시 서구 와룡로100길 16 (이현동)
248,서대구산업단지,주식회사서보,053-564-6000,태양광발전세트중 접속반,대구광역시 서구 와룡로84길 15 (이현동)
249,서대구산업단지,대일다이텍,053-564-6511,"poly,카치온,인견",대구광역시 서구 문화로3길 6 (이현동)
250,서대구산업단지,대경금속,053-564-8188,금속열처리,"대구광역시 서구 문화로 38-7, 104동 (이현동)"
251,서대구산업단지,(주)제일인쇄산업,053-564-8500,인쇄물,"대구광역시 서구 평리로35길 6-7 (중리동, 제일인쇄산업)"
252,서대구산업단지,(주)대성나사산업,053-565-0832,"볼트,너트",대구광역시 서구 국채보상로 39 (이현동)
253,서대구산업단지,삼흥전기,053-565-1269,배전반,"대구광역시 서구 국채보상로14길 17 (중리동, 태양화섬)"
254,서대구산업단지,(주)지피아이,053-565-1808,섬유외관검사,대구광역시 서구 평리로35길 13-16 (중리동)
255,서대구산업단지,남영섬유,053-565-4012,인조섬유,"대구광역시 서구 와룡로84길 13-2 (이현동, 남영섬유)"
256,서대구산업단지,태백목재사,053-565-4110,미송각재,"대구광역시 서구 평리로21길 7 (중리동, 태백목재)"
257,서대구산업단지,신흥섬유,053-565-4477,폴리에스터다후다염색가공,"대구광역시 서구 문화로 19 (이현동, 을화)"
258,서대구산업단지,(주)청우섬유,053-565-5800,화섬 교직물 염색가공,"대구광역시 서구 와룡로87길 106 (이현동, 청우섬유) (총 2 필지)"
259,서대구산업단지,명성연사,053-565-6467,"재봉사(폴리,나이론)",대구광역시 서구 와룡로100길 28 (이현동)
260,서대구산업단지,정현산업,053-565-6565,점착테이프,"대구광역시 서구 와룡로99길 17, 이현팩토리밸리 12동 (이현동)"
261,서대구산업단지,알리다그룹주식회사,053-565-6844,"간판, 실사출력,LED전광판","대구광역시 서구 문화로 38-7,  201동 (이현동)"
262,서대구산업단지,태화섬유,053-565-6888,섬유주름 임가공품,대구광역시 서구 와룡로65길 16 (중리동)
263,서대구산업단지,유한포장,053-565-8585,상자,대구광역시 서구 와룡로70길 14 (중리동)
264,서대구산업단지,금보정밀,053-566-0764,"측조인트,코아",대구광역시 서구 문화로3길 29 (이현동)
265,서대구산업단지,대경비닐산업사,053-566-1073,비닐,대구광역시 서구 와룡로73길 57-10 (중리동)
266,서대구산업단지,성진섬유,053-566-1174,사염,대구광역시 서구 와룡로72길 24 (중리동)
267,서대구산업단지,대구캐노픽스,053-566-1200,"캐노픽스,캐노피",대구광역시 서구 와룡로 383 (중리동)
268,서대구산업단지,대성사,053-566-2633,폴리에스텔,대구광역시 서구 와룡로62길 10 (중리동) (총 3 필지)
269,서대구산업단지,제일공업사,053-566-2741,조명장치,대구광역시 서구 와룡로100길 6 (이현동)
270,서대구산업단지,동양정밀(주) 제2공장,053-566-3180,플라이휠,대구광역시 서구 문화로19길 3 (이현동)
271,서대구산업단지,동양정밀(주)제3공장,053-566-3180,자동차엔진용 부품,대구광역시 서구 와룡로66길 29 (중리동)
272,서대구산업단지,한성정밀기계,053-566-4288,가정용온수보일러,"대구광역시 서구 와룡로69길 27 (중리동, 덕성직물)"
273,서대구산업단지,(주)현화피앤이,053-566-4751,섬유염색(프린팅)가공,대구광역시 서구 와룡로66길 39 (중리동)
274,서대구산업단지,신창정밀(2공장),053-566-5518,자동차 부품,대구광역시 서구 국채보상로3길 30 (이현동)
275,서대구산업단지,원대정밀,053-566-6955,"섬유기계,농기계","대구광역시 서구 와룡로 350 (중리동, 원대기계)"
276,서대구산업단지,(주)경북기공사,053-566-7731,자동차 정비,대구광역시 서구 문화로 21 (이현동)
277,서대구산업단지,성화섬유공업사,053-566-8237,면티셔츠,대구광역시 서구 와룡로70길 41 (중리동)
278,서대구산업단지,신진섬유,053-566-8691,"의복(셔츠,교복외)",대구광역시 서구 국채보상로2길 13 (중리동)
279,서대구산업단지,(주)유성산자,053-567-0661,화학섬유원단(천막용),"대구광역시 서구 와룡로87길 80 (이현동, 유성산자)"
280,서대구산업단지,동원염직(주),053-567-1623,폴리스판,대구광역시 서구 와룡로72길 18 (중리동)
281,서대구산업단지,감로바이오-텍,053-567-1635,양곡,대구광역시 서구 국채보상로23길 20 (이현동) (총 2 필지)
282,서대구산업단지,조광물산,053-567-2533,전구,"대구광역시 서구 와룡로99길 24 (이현동, 신라아트)"
283,서대구산업단지,(주)도아인더스,053-567-2593,교직물,"대구광역시 서구 평리로21길 33 (중리동, 태화섬유)"
284,서대구산업단지,경원정공,053-567-4358,금형,"대구광역시 서구 와룡로99길 17, 이현팩토리밸리 16동 (이현동)"
285,서대구산업단지,고려전선(주),053-567-5001,전선케이블,"대구광역시 서구 국채보상로 71 (이현동, 고려전선) (총 2 필지)"
286,서대구산업단지,(주)모아콘,053-567-5858,콘택트렌즈,"대구광역시 서구 와룡로 360,  2층 (중리동)"
287,서대구산업단지,한라테크,053-567-7271,자동차부품 도금,대구광역시 서구 와룡로65길 14 (중리동)
288,서대구산업단지,대동산업사,053-567-7748,정미,"대구광역시 서구 국채보상로23길 13 (이현동, 대동산업공사)"
289,서대구산업단지,영원,053-567-8709,콘택트렌즈용 플라스틱케이스,대구광역시 서구 와룡로84길 13 (이현동)
290,서대구산업단지,대성직물,053-567-9031,폴리에스텔,"대구광역시 서구 와룡로70길 37 (중리동, 대성직물)"
291,서대구산업단지,다인데코,053-567-9228,침구,대구광역시 서구 와룡로69길 16 (중리동)
292,서대구산업단지,(주)지노인터내셔널,053-568-0322,폴리에스텔스크린,"대구광역시 서구 와룡로72길 14 (중리동, 정우나염)"
293,서대구산업단지,(주)라이스산업,053-568-3800,곡물선별기,대구광역시 서구 와룡로65길 23 (중리동)
294,서대구산업단지,우주금속,053-568-4010,땜납(선),대구광역시 서구 국채보상로7길 21 (이현동)
295,서대구산업단지,광림크레인특장,053-568-5705,"특장차 제조 및 수리,정비",대구광역시 서구 와룡로 311 (중리동)
296,서대구산업단지,일샷다,053-571-0145,셔터,대구광역시 서구 와룡로 395 (중리동)
297,서대구산업단지,화성금속,053-571-1162,도금,대구광역시 서구 와룡로99길 21 (이현동)
298,서대구산업단지,세동섬유 주식회사,053-571-4711,현수막 원단,대구광역시 서구 와룡로69길 38 (중리동)
299,서대구산업단지,(주)부광에프디,053-571-6006,섬유염색제품,대구광역시 서구 와룡로72길 47 (중리동)
300,서대구산업단지,디자인낙타,053-571-8882,"인쇄물,원단샘플",대구광역시 서구 문화로7길 19 (이현동)
301,서대구산업단지,참존식품,053-572-1323,"음료,다류,소스","대구광역시 서구 와룡로73길 57-14 (중리동, 참존식품)"
302,서대구산업단지,(주)대일유화,053-572-7893,페인트희석제,대구광역시 서구 와룡로87길 42 (이현동)
303,서대구산업단지,삼진정공,053-573-0418,"선박및자동차부품(샤프트,로라,볼트,노즐등)","대구광역시 서구 와룡로 391-6 (중리동, 삼진공업사)"
304,서대구산업단지,(주)태일정밀,053-573-1468,프레스금형,"대구광역시 서구 문화로4길 19 (이현동, 태일정밀)"
305,서대구산업단지,다원,053-573-3900,블라인드,대구광역시 서구 평리로35길 65-1 (중리동)
306,서대구산업단지,(주)티지텍스타일,053-573-7767,"침구관련제품,PE원단",대구광역시 서구 국채보상로19길 23 (이현동)
307,서대구산업단지,합동줄공업사,053-581-0461,철공용줄,대구광역시 서구 와룡로87길 11 (이현동)
308,서대구산업단지,보림산업,053-581-7327,식품가공기계,대구광역시 서구 국채보상로5길 17-1 (이현동)
309,서대구산업단지,매일식품,053-582-3980,"돼지부산물(막창,대창)",대구광역시 서구 국채보상로 38-17 (중리동)
310,서대구산업단지,조양모방(주)이현제1공장,053-583-2600,원단염색가공품,"대구광역시 서구 와룡로87길 74 (이현동, 대경염직)"
311,서대구산업단지,동명전동지게차,053-583-6134,"전동기부품, 기계부품외",대구광역시 서구 와룡로87길 26 (이현동)
312,서대구산업단지,시골김치,053-583-8800,김치,대구광역시 서구 와룡로70길 40 (중리동)
313,서대구산업단지,명보하이텍,053-584-6120,공작기계부품,"대구광역시 서구 와룡로 385-5 (중리동, 동신공업)"
314,서대구산업단지,엠지메디텍,053-584-8621,약포장기,"대구광역시 서구 국채보상로 38-10 (중리동, 성팀제침공업사)"
315,서대구산업단지,(주)지앤티클린,053-585-9393,물티슈외 패드,대구광역시 서구 와룡로 447-10 (이현동)
316,서대구산업단지,그린위생산업,053-585-9393,"식당용물수건,물티슈",대구광역시 서구 와룡로 447-11 (이현동)
317,서대구산업단지,광현TEXTILE,053-585-9741,"면직물,폴리모직",대구광역시 서구 국채보상로6길 20 (중리동)
318,서대구산업단지,성민정포,053-586-6036,"섬유,원단",대구광역시 서구 국채보상로20길 29 (중리동)
319,서대구산업단지,대웅섬유,053-586-6811,"바닥재,벽지",대구광역시 서구 국채보상로20길 14 (중리동)
320,서대구산업단지,(주)대웅에프엔티,053-586-7811,스판텍스 카바링사,대구광역시 서구 국채보상로20길 14 (중리동)
321,서대구산업단지,태흥정밀,053-586-7881,금형,대구광역시 서구 문화로7길 21-1 (이현동)
322,서대구산업단지,(주)휴코스,053-592-0135,목재가구외,대구광역시 서구 평리로35길 63-1 (중리동)
323,서대구산업단지,일흥테크,053-592-7444,자동차부품 금형,대구광역시 서구 문화로23길 24 (이현동)
324,서대구산업단지,(주)에이테크 글로벌,053-592-9260,자동화설비제작,대구광역시 서구 국채보상로5길 16 (이현동)
325,서대구산업단지,(주)자인 1공장지점,053-593-8866,한지 직물,"대구광역시 서구 와룡로72길 37-2, 가동 (중리동)"
326,서대구산업단지,평화정공(주),053-605-6250,"도어댓치,힌지,모듈","대구광역시 서구 와룡로 335 (중리동, 평화정공(주))"
327,서대구산업단지,고미섬유,053-615-2060,버티칼브라인드,대구광역시 서구 국채보상로20길 32 (중리동)
328,서대구산업단지,주식회사 코코리아,053-622-5633,바베큐그릴,"대구광역시 서구 와룡로87길 9, 1층 (이현동)"
329,서대구산업단지,지큐아이(G.Q.I),053-636-4621,섬유외관검사,대구광역시 서구 문화로3길 21 (이현동)
330,서대구산업단지,(주)천일도금,053-654-1001,도금,대구광역시 서구 국채보상로19길 17 (이현동)
331,서대구산업단지,오성이엔씨,053-719-0685,"쓰레기통, 일반철물",대구광역시 서구 북비산로6길 13 (이현동)
332,서대구산업단지,대광케미칼(주),053-721-8856,화공약품,대구광역시 서구 와룡로87길 96 (이현동)
333,서대구산업단지,도예침장,053-755-3961,침구류,대구광역시 서구 와룡로72길 37-9 (중리동)
334,서대구산업단지,한진영상정보(주),053-761-3801,"녹화기,영상감시장치,구내방송장치 외",대구광역시 서구 와룡로 366-1 (중리동)
335,서대구산업단지,주식회사 디티에프앤비 제1공장,053-761-5363,양념,"대구광역시 서구 와룡로97길 14, 이현팩토리밸리 7동 (이현동)"
336,서대구산업단지,주식회사 디티에프앤비 제2공장,053-761-5363,"신선육계(순살,근위)","대구광역시 서구 와룡로97길 14, 이현팩토리밸리 8동 (이현동)"
337,서대구산업단지,설동궁컴퍼니,1688-8772,소스제조,대구광역시 서구 평리로35길 13-15 (중리동)
338,대구염색지방산업단지,(주)신경일염직,070-7455-0002,"면직물,스판직물 염색",대구광역시 서구 염색공단로13길 38 (비산동)
339,대구염색지방산업단지,자연W&D,053-341-2928,피그먼트,"대구광역시 서구 염색공단로13길 41, 자연W&D (비산동)"
340,대구염색지방산업단지,에이치에스글로벌(주),053-341-6461,폴리에스텔,"대구광역시 서구 염색공단중앙로22길 15 (비산동, 쌍호염직)"
341,대구염색지방산업단지,(주)은일섬유,053-341-6461,폴리에스텔 감량,"대구광역시 서구 염색공단중앙로22길 15, (주)은일섬유 (비산동)"
342,대구염색지방산업단지,동신산업,053-341-7541,임대업,"대구광역시 서구 염색공단로13길 1 (비산동, 동신산업)"
343,대구염색지방산업단지,(주)한일합섬 대구지점,053-341-8510,도전사,대구광역시 서구 염색공단로13길 16 (비산동)
344,대구염색지방산업단지,유피엔,053-341-8552,폴리에스텔,"대구광역시 서구 염색공단천로11길 10, 유피엔 (비산동)"
345,대구염색지방산업단지,삼일염직(주),053-350-1121,면.T/C.나염,"대구광역시 서구 염색공단로11길 56 (비산동, 삼일 염직(주))"
346,대구염색지방산업단지,삼일방직(주)비산공장,053-350-1132,면직물날염,"대구광역시 서구 염색공단로11길 56 (비산동, 삼일 염직(주))"
347,대구염색지방산업단지,(주)진영피앤티,053-350-3114,폴리에스텔,"대구광역시 서구 염색공단천로 31 (비산동, 진영피엔피)"
348,대구염색지방산업단지,(주)에스엔에스,053-351-0190,폴리에스텔,"대구광역시 서구 달서천로 168 (평리동, (주)SNS)"
349,대구염색지방산업단지,(주)통합,053-351-1002,폴리에스텔,대구광역시 서구 염색공단중앙로21길 14 (비산동)
350,대구염색지방산업단지,삼보염공,053-351-1221,면.T/C,"대구광역시 서구 염색공단중앙로12길 27 (비산동, 삼보염직)"
351,대구염색지방산업단지,(주)삼보염공,053-351-1221,면염색업,"대구광역시 서구 염색공단중앙로12길 27, (주)삼보염공 (비산동, 삼보염직)"
352,대구염색지방산업단지,명진염색&가공,053-351-1281,나염,대구광역시 서구 염색공단로11길 34 (비산동)
353,대구염색지방산업단지,(주)영동염직,053-351-1851,폴리에스텔,"대구광역시 서구 염색공단천로19길 37 (비산동, (주)영동염직)"
354,대구염색지방산업단지,(주)태승섬유,053-351-2111,폴리에스텔,대구광역시 서구 염색공단중앙로14길 12 (비산동)
355,대구염색지방산업단지,고려,053-351-3761,부동산임대업,대구광역시 서구 달서천로 164 (평리동)
356,대구염색지방산업단지,(주)고려텍스,053-351-3761,폴리에스텔 염색,대구광역시 서구 염색공단중앙로22길 37 (비산동)
357,대구염색지방산업단지,태화섬유(주),053-351-3762,섬유염색,"대구광역시 서구 달서천로 164 (평리동, 고려염공)"
358,대구염색지방산업단지,대구특수나염(주),053-351-5833,폴리에스텔,"대구광역시 서구 염색공단중앙로 111 (비산동, 대구특수나염) (총 2 필지)"
359,대구염색지방산업단지,한진섬유,053-351-7467,염색,"대구광역시 서구 염색공단천로7길 6, 한진섬유 (비산동)"
360,대구염색지방산업단지,(주)은성다이텍,053-351-9001,Polyester Fabric,대구광역시 서구 염색공단중앙로22길 11 (비산동)
361,대구염색지방산업단지,(주)국제텍,053-351-9555,폴리에스텔,"대구광역시 서구 염색공단중앙로 122 (비산동, 국제염직(주))"
362,대구염색지방산업단지,(주)대경텍,053-351-9821,섬유염색(울및 실크),"대구광역시 서구 염색공단중앙로12길 36 (비산동, (주)스카이다이텍)"
363,대구염색지방산업단지,(주)부성,053-352-1912,면.T/C.나염,"대구광역시 서구 염색공단천로11길 30 (비산동, 부성염직)"
364,대구염색지방산업단지,(주)혜성섬유,053-352-2266,사염(폴리에스텔),"대구광역시 서구 염색공단천로 37 (비산동, 혜성섬유)"
365,대구염색지방산업단지,한비섬유,053-352-4091,폴리에스텔 나염,"대구광역시 서구 염색공단천로23길 33 (비산동, 한빛섬유)"
366,대구염색지방산업단지,(주)대흥염공,053-352-4915,폴리에스텔.나이론(다우다),"대구광역시 서구 염색공단로11길 40-18 (비산동, (주)대흥염공)"
367,대구염색지방산업단지,텍스코프(주),053-352-5101,기능성 염색가공,대구광역시 서구 달서천로 72 (이현동)
368,대구염색지방산업단지,(주)동보산업사,053-352-5240,나일론직물염색,"대구광역시 서구 염색공단로21길 19-5 (비산동, 동보산업사)"
369,대구염색지방산업단지,(주)대건산업,053-352-5370,폴리에스텔,"대구광역시 서구 염색공단중앙로 105 (비산동, (주)대건산업)"
370,대구염색지방산업단지,(주)청운텍스타일,053-352-6491,나염(폴리에스텔),"대구광역시 서구 염색공단천로19길 13 (비산동, (주)청운텍스타일)"
371,대구염색지방산업단지,흥구염공,053-353-0005,면 혼방사,대구광역시 서구 염색공단로21길 7 (비산동)
372,대구염색지방산업단지,극동섬유,053-353-1085,면사염색,"대구광역시 서구 염색공단로21길 19-17 (비산동, 극동섬유)"
373,대구염색지방산업단지,(주)조양염직,053-353-2531,폴리에스텔.스판,대구광역시 서구 염색공단로21길 19-15 (비산동)
374,대구염색지방산업단지,기원섬유,053-353-3240,벨벳,"대구광역시 서구 염색공단중앙로 59 (비산동, 기원섬유)"
375,대구염색지방산업단지,조일염공사,053-353-4567,염색,"대구광역시 서구 염색공단천로 45 (비산동, 조일염공)"
376,대구염색지방산업단지,(주)신영아이앤티,053-353-4671,나일론,"대구광역시 서구 염색공단로 47 (비산동, 신영염직)"
377,대구염색지방산업단지,삼환염공(주),053-353-4745,나이론직물염색,대구광역시 서구 염색공단로 71 (비산동)
378,대구염색지방산업단지,디와이컬러텍(주),053-353-5555,나이론,대구광역시 서구 염색공단중앙로22길 29
379,대구염색지방산업단지,(주)제일화섬,053-353-5600,사염(아크릴.면.T/C),"대구광역시 서구 염색공단중앙로23길 2 (비산동, (주)제일화섬염공)"
380,대구염색지방산업단지,동영염직(주),053-353-6111,폴리에스텔,"대구광역시 서구 염색공단중앙로 60 (비산동, (주)서도염직)"
381,대구염색지방산업단지,도미니코염직,053-353-6263,섬유염색가공,대구광역시 서구 염색공단로21길 20 (비산동)
382,대구염색지방산업단지,안성염직,053-353-7227,나이론(다우다),"대구광역시 서구 염색공단천로19길 36 (비산동, 안성염직)"
383,대구염색지방산업단지,(주)서도염직,053-353-8381,면.T/C.나염,"대구광역시 서구 염색공단중앙로 60 (비산동, (주)서도염직)"
384,대구염색지방산업단지,부건산업,053-353-8421,폴리에스텔,대구광역시 서구 염색공단천로19길 12 (비산동)
385,대구염색지방산업단지,진흥산업,053-353-8467,면T/C염색,"대구광역시 서구 염색공단로 53, 진흥산업 (비산동)"
386,대구염색지방산업단지,월드텍스,053-353-8553,"면,T/C","대구광역시 서구 달서천로 160-25 (평리동, 뉴월드)"
387,대구염색지방산업단지,동아산업사,053-353-8588,니트,"대구광역시 서구 염색공단로 91 (비산동, 동아산업사)"
388,대구염색지방산업단지,바다섬유,053-353-9464,면나염,"대구광역시 서구 염색공단중앙로 59, 바다섬유 (비산동, 기원섬유)"
389,대구염색지방산업단지,(주)앤디아이,053-353-9600,교직,"대구광역시 서구 염색공단중앙로22길 33 (비산동, (주)NDI)"
390,대구염색지방산업단지,달성다이텍(주),053-354-0011,폴리에스텔,"대구광역시 서구 염색공단천로11길 33 (비산동, 달성염직)"
391,대구염색지방산업단지,(주)명지특수가공,053-354-1267,섬유염색,"대구광역시 서구 염색공단중앙로 106 (비산동, 동서염직)"
392,대구염색지방산업단지,다온염색,053-354-2206,염색,"대구광역시 서구 염색공단천로11길 23 (비산동, 쌍호특수가공)"
393,대구염색지방산업단지,(주)유성염직,053-354-2271,폴리에스텔,"대구광역시 서구 달서천로 158 (평리동, (주)유성)"
394,대구염색지방산업단지,신창염직(주),053-354-3221,밸뱃,"대구광역시 서구 염색공단천로7길 30 (비산동, 신일염공)"
395,대구염색지방산업단지,한비염직(주),053-354-3261,폴리에스텔,"대구광역시 서구 달서천로 160-27 (평리동, 한비염직(주))"
396,대구염색지방산업단지,중앙나염(주),053-354-4155,나염(폴리에스텔),"대구광역시 서구 염색공단로13길 28 (비산동, 중앙나염(주))"
397,대구염색지방산업단지,(주)월드염공,053-354-5001,폴리에스텔,"대구광역시 서구 염색공단중앙로21길 38 (비산동, 월드염공(주))"
398,대구염색지방산업단지,그린힐염직(주),053-354-5101,교직,"대구광역시 서구 달서천로 144 (평리동, 그린힐염직)"
399,대구염색지방산업단지,미광다이텍(주),053-354-5152,나이론(다우다),대구광역시 서구 염색공단천로11길 11 (비산동)
400,대구염색지방산업단지,대한기업,053-354-5590,폴리에스텔.T/C,"대구광역시 서구 달서천로 28 (이현동, 대한기업)"
401,대구염색지방산업단지,삼우D.F.C,053-354-5861,교직,"대구광역시 서구 염색공단로13길 22 (비산동, 삼우D.F.C)"
402,대구염색지방산업단지,진흥피그먼트,053-354-8504,피그먼트염색,"대구광역시 서구 염색공단중앙로12길 27 (비산동, 삼보염직)"
403,대구염색지방산업단지,(주)신화염직,053-355-0224,폴리에스텔,"대구광역시 서구 염색공단천로11길 14 (비산동, 신화염직)"
404,대구염색지방산업단지,삼성염직(주),053-355-1421,나이론(옥스포드),"대구광역시 서구 염색공단중앙로12길 9 (비산동, (주)삼성염직)"
405,대구염색지방산업단지,세명염직(주),053-355-1441,면.T/C.나염,"대구광역시 서구 염색공단천로 41 (비산동, 세명염직)"
406,대구염색지방산업단지,(주)성화다이텍,053-355-1841,실염색,"대구광역시 서구 염색공단중앙로 61 (비산동, 성산합섬(주))"
407,대구염색지방산업단지,(주)태광산업 대구사업소,053-355-4121,폴리에스텔.나염,대구광역시 서구 염색공단중앙로 95 (비산동)
408,대구염색지방산업단지,합동염색(주),053-355-5111,섬유염색,"대구광역시 서구 염색공단천로 93, (2041-50번지) (비산동)"
409,대구염색지방산업단지,현대바이오텍(주),053-355-5900,섬유염색,대구광역시 서구 염색공단천로19길 23 (비산동)
410,대구염색지방산업단지,명신염공,053-355-7771,면니트원단 염색,대구광역시 서구 염색공단로 68 (비산동)
411,대구염색지방산업단지,명신염공,053-355-7771,"사염(아크릴,면메리야스)","대구광역시 서구 염색공단로 68 (비산동, 명신염공)"
412,대구염색지방산업단지,한서실업(주),053-356-0051,교직,"대구광역시 서구 달서천로 76 (평리동, 한서실업(주))"
413,대구염색지방산업단지,한서실업(주)비산2공장,053-356-0051,카시트염색,대구광역시 서구 염색공단천로7길 34 (비산동)
414,대구염색지방산업단지,현대특수바이오,053-356-0261,직물염색가공,"대구광역시 서구 염색공단중앙로12길 33 (비산동, 대한화섬(주))"
415,대구염색지방산업단지,대한화섬(주) 대구공장,053-356-0567,폴리에스텔,"대구광역시 서구 염색공단중앙로12길 33 (비산동, 대한화섬(주))"
416,대구염색지방산업단지,(주)명진섬유,053-356-1311,폴리에스텔.나염,"대구광역시 서구 달서천로 42 (이현동, (주)명진섬유)"
417,대구염색지방산업단지,(주)세일섬유,053-356-2994,사염,"대구광역시 서구 염색공단천로19길 12 (비산동, 세일섬유)"
418,대구염색지방산업단지,쌍호특수가공,053-356-3441,폴리에스텔,"대구광역시 서구 염색공단천로11길 23 (비산동, 쌍호특수가공)"
419,대구염색지방산업단지,(주)청운다이텍,053-356-3590,폴리에스텔 염색원단,대구광역시 서구 달서천로 160 (평리동)
420,대구염색지방산업단지,(주)제준염직,053-356-5701,폴리에스텔,"대구광역시 서구 달서천로 82 (평리동, (주)제준염직)"
421,대구염색지방산업단지,(주)진흥염직,053-356-5823,면.T/C.나염,"대구광역시 서구 염색공단중앙로 112 (비산동, 서진염직)"
422,대구염색지방산업단지,(주)광덕텍스타일,053-356-6433,나염,대구광역시 서구 염색공단중앙로23길 23 (비산동)
423,대구염색지방산업단지,(주)을화 비산공장,053-356-7673,폴리에스텔,"대구광역시 서구 염색공단중앙로 100 (비산동, (주)을화)"
424,대구염색지방산업단지,대한염직(주),053-356-7851,폴리에스텔,대구광역시 서구 달서로34길 3-14 (비산동)
425,대구염색지방산업단지,(주)평안 이현공장,053-356-8600,폴리에스텔.나염,"대구광역시 서구 달서천로 30 (이현동, (주)평안이현공잔)"
426,대구염색지방산업단지,(주)영광염직,053-357-1888,폴리에스텔,대구광역시 서구 평리동 4036 번지
427,대구염색지방산업단지,(주)협진화학,053-357-2133,섬유용 바인다(접착제),"대구광역시 서구 염색공단중앙로22길 7 (비산동, (주)협진화학)"
428,대구염색지방산업단지,와이디텍스타일(주)대구지점,053-357-2516,폴리에스텔,"대구광역시 서구 달서천로 86 (평리동, (주)선광염직)"
429,대구염색지방산업단지,신일염공,053-357-4785,나이론(다우다),"대구광역시 서구 염색공단천로7길 30 (비산동, 신일염공)"
430,대구염색지방산업단지,일홍염직(주),053-357-4912,폴리에스텔염색,"대구광역시 서구 염색공단중앙로22길 12, 일홍염직(주) (비산동, 욱일섬유)"
431,대구염색지방산업단지,(주) 이 주,053-357-5210,의류용심지,"대구광역시 서구 염색공단중앙로21길 33 (비산동, 이주염공)"
432,대구염색지방산업단지,(유)대안에이엔씨,053-357-8780,나염,"대구광역시 서구 염색공단로21길 8, (유)대안에이엔씨 (비산동)"
433,대구염색지방산업단지,(주)대안,053-357-8784,섬유염색,"대구광역시 서구 달서천로 68 (이현동, (주)대안)"
434,대구염색지방산업단지,영지산업(주),053-357-9991,폴리에스텔,"대구광역시 서구 염색공단로 67 (비산동, 영지산업)"
435,대구염색지방산업단지,미래섬유,053-358-0664,폴리에스텔,대구광역시 서구 염색공단로 63 (비산동)
436,대구염색지방산업단지,알파다이텍,053-358-1991,폴리,"대구광역시 서구 달서천로 72 (이현동, (주)소성)"
437,대구염색지방산업단지,경남산업,053-358-2370,폴리원단 염색,대구광역시 서구 염색공단천로19길 20 (비산동)
438,대구염색지방산업단지,(주)명신염색가공,053-358-3646,교직물 염색,"대구광역시 서구 염색공단중앙로12길 32 (비산동, 아성염직(주)) (총 3 필지)"
439,대구염색지방산업단지,진호염직(주),053-358-5201,폴리에스텔,대구광역시 서구 염색공단중앙로 70 (비산동)
440,대구염색지방산업단지,한우염공,053-358-5221,폴리에스텔,"대구광역시 서구 염색공단중앙로12길 22 (비산동, 한우염공)"
441,대구염색지방산업단지,(주)동진상사,053-358-7521,나일론염색,"대구광역시 서구 염색공단로 90, (주)동진상사 (비산동, 성안염직공업사)"
442,대구염색지방산업단지,(주)동진상사,053-358-7521,폴리에스텔,"대구광역시 서구 염색공단천로7길 10 (비산동, (주)동진상사)"
443,대구염색지방산업단지,(주)무길염공,053-358-9000,폴리에스텔(비감량),"대구광역시 서구 염색공단로 117 (비산동, 니트시제품센터)"
444,대구염색지방산업단지,(주)대광교역,053-358-9111,나이론,"대구광역시 서구 염색공단로 27 (비산동, (주)대광교역)"
445,대구염색지방산업단지,우일염직(주),053-358-9191,나이론(옥스포드),"대구광역시 서구 염색공단로 74 (비산동, 2041-133)"
446,대구염색지방산업단지,욱일 I D C,053-358-9771,니트,"대구광역시 서구 염색공단로 116 (비산동, 비산염색공단아파트)"
447,대구염색지방산업단지,(주)정원아이앤씨,053-358-9823,"폴리에스텔, 나일론염색","대구광역시 서구 염색공단로13길 45, 정원아이앤씨 (비산동)"
448,대구염색지방산업단지,창성산업,053-358-9846,사염(면.T/C),"대구광역시 서구 염색공단천로11길 19 (비산동, 창성산업)"
449,대구염색지방산업단지,(주)창운염직,053-358-9945,폴리에스텔,"대구광역시 서구 염색공단로11길 1 (비산동, (주)창운염직)"
450,대구염색지방산업단지,태화염공,053-359-0052,폴리에스텔,대구광역시 서구 비산동 2038-36번지
451,대구염색지방산업단지,원진염직,053-359-0220,교직.면,"대구광역시 서구 달서천로 146 (평리동, 원진염직)"
452,대구염색지방산업단지,(주)호명염직,053-359-0561,폴리에스텔염색,"대구광역시 서구 염색공단천로23길 29 (비산동, 호명염직)"
453,대구염색지방산업단지,(주)유창염직,053-359-0745,나이론(다우다),"대구광역시 서구 염색공단중앙로 86 (비산동, 유창염직)"
454,대구염색지방산업단지,현대다이텍(주),053-359-1500,면교직물염색 외,대구광역시 서구 염색공단천로19길 31 (비산동)
455,대구염색지방산업단지,디이에이텍스타일,053-359-1550,섬유염색,"대구광역시 서구 염색공단로13길 43 (비산동, (주)덕운다이텍)"
456,대구염색지방산업단지,(주)다은섬유,053-524-0653,면나염,"대구광역시 서구 염색공단중앙로12길 27 (비산동, 삼보염직)"
457,대구염색지방산업단지,(주)다은섬유지점,053-524-0653,나염,"대구광역시 서구 염색공단중앙로23길 23, (주)다은섬유지점 (비산동)"
458,대구염색지방산업단지,인덕염공(주),053-525-7871,교직물,"대구광역시 서구 달서천로 84 (평리동, 문광엄공(주))"
459,대구염색지방산업단지,(주)삼광염직,053-554-1113,나이론(옥스포드),"대구광역시 서구 염색공단로21길 20-18 (비산동, (주)삼광염직)"
460,대구염색지방산업단지,진성염직,053-557-4582,섬유염색,"대구광역시 서구 염색공단중앙로23길 18, 진성염직 (비산동)"
461,대구염색지방산업단지,(주)디엠텍스타일,053-562-7125,나염,"대구광역시 서구 염색공단천로11길 23 (비산동, 쌍호특수가공)"
462,대구염색지방산업단지,삼일,053-563-1208,섬유염색,대구광역시 서구 염색공단중앙로12길 33 (비산동)
463,대구염색지방산업단지,대진텍스타일,053-564-2111,폴리에스텔 염색원단,대구광역시 서구 염색공단로13길 1 (비산동)
464,대구염색지방산업단지,엠에스다이텍,053-573-1544,나일론염색가공,"대구광역시 서구 염색공단로 93, 엠에스다이텍 (비산동)"
465,대구염색지방산업단지,원창머티리얼(주) 비산공장,053-581-3800,염색가공,대구광역시 서구 염색공단로11길 34 (비산동)
466,대구염색지방산업단지,세원섬유,053-582-2783,폴리에스텔,"대구광역시 서구 염색공단로13길 26 (비산동, 대덕산업)"
467,대구염색지방산업단지,조양모방(주) 비산공장,053-583-2600,사염,"대구광역시 서구 염색공단중앙로12길 36 (비산동, (주)스카이다이텍) (총 2 필지)"
468,대구염색지방산업단지,(주)텍스존,053-583-3000,염색가공,"대구광역시 서구 염색공단천로11길 26, (주)텍스존 (비산동)"
469,대구염색지방산업단지,영풍화성(주),053-583-4896,기능성원단 염색,대구광역시 서구 달서천로 72 (이현동)
470,대구염색지방산업단지,진흥섬유,053-583-9694,화섬지염가공,"대구광역시 서구 염색공단로 108 (비산동, 진흥섬유)"
471,대구염색지방산업단지,(주)비전랜드,053-584-0601,면원단염색가공,대구광역시 서구 달서천로 42 (이현동)
472,대구염색지방산업단지,T.F텍스츄어,053-586-6072,면.교직물,"대구광역시 서구 염색공단중앙로12길 16 (비산동, 서진염직(주))"
473,대구염색지방산업단지,대동실업,053-354-2244,"사염(면,T/C사)","대구광역시 서구 염색공단중앙로 77 (비산동, 대동염공)"
474,기타,프레임엔진코리아,070-8688-8664,안경부품,대구광역시 서구 염색공단천로10길 11 (비산동)
475,기타,두영전자,070-8877-7228,와이어하네스(차량용),대구광역시 서구 와룡로66길 65-7 (중리동)
476,기타,(주)동일에이스,053-241-9119,차압측정공,대구광역시 서구 달서로 267-1 (원대동3가)
477,기타,태원상사,053-252-0316,"가방, 트렁크",대구광역시 서구 당산로 236 (내당동)
478,기타,삼성기계,053-254-5398,제면기,대구광역시 서구 서대구로63길 13 (비산동)
479,기타,(주)애드원엘이디,053-254-8222,LED전광판,"대구광역시 서구 국채보상로 231 (평리동, 영진유료주차장)"
480,기타,엠씨엔스포츠,053-254-8222,스포츠의류,대구광역시 서구 국채보상로 282 (평리동)
481,기타,한일산업,053-254-8716,"공조필터,공조기,베일러네트",대구광역시 서구 새방로25길 6 (상리동)
482,기타,(주)케이케이엠모터코리아이현공장,053-256-1136,"오토바이,전기자전거",대구광역시 서구 이현동 226-4 번지
483,기타,애드라인,053-257-6608,"현수막, 간판",대구광역시 서구 문화로 281 (평리동)
484,기타,메디스헬스케어(주),053-287-3388,의료용가스공급장치외,대구광역시 서구 가르뱅이로20길 33-1 (상리동)
485,기타,티엔에프,053-294-8002,"자동차부품, 산업기계부품 가공","대구광역시 서구 염색공단천로1길 32 (비산동, 거성테크(주))"
486,기타,(주)코리아씨엔티,053-294-8002,전자부품(휴대폰)도색,"대구광역시 서구 염색공단천로1길 32, 2층 (비산동)"
487,기타,(주)신우티에스,053-311-7711,"상업용주방기구,구조물 등",대구광역시 서구 팔달로 72-10 (비산동)
488,기타,(주)비씨엠,053-312-3843,"농업용세척기, 파쇄기, 착즙기","대구광역시 서구 염색공단천로 81 (비산동, 화성레이스)"
489,기타,(주)휴먼피에타스,053-324-7756,도시락,대구광역시 서구 염색공단천로 8 (비산동)
490,기타,(주)미진섬유,053-341-1286,양말,대구광역시 서구 염색공단천로3길 25 (비산동)
491,기타,주식회사경민,053-341-5002,섬유광택가공품,대구광역시 서구 염색공단천로11길 15 (비산동)
492,기타,주식회사 동위,053-341-7783,무대장치,대구광역시 서구 달서로 224-6 (비산동)
493,기타,행복푸드,053-341-9214,식육포장,대구광역시 서구 염색공단천로 7 (비산동)
494,기타,동원씨엠,053-351-0965,"나일론,폴리에스텔","대구광역시 서구 염색공단로 125 (비산동, 동원섬유)"
495,기타,금광산업사,053-351-1315,안경테,"대구광역시 서구 염색공단천로6길 6 (비산동, 금광산업사)"
496,기타,(주)에이스앤아이,053-351-5119,방화문자동폐쇄장치,"대구광역시 서구 염색공단천로1길 32 (비산동, 거성테크(주))"
497,기타,동방펌프테크,053-351-6111,진공펌프,"대구광역시 서구 염색공단로 137-9 (비산동, 경원기계)"
498,기타,문화산업,053-351-6758,자동차부품,대구광역시 서구 염색공단로5길 19 (비산동)
499,기타,남문목재,053-352-1221,목재,"대구광역시 서구 서대구로63길 12 (비산동, 북부목공소)"
500,기타,우경정밀,053-352-2143,자동차부품,대구광역시 서구 북비산로17길 14-19 (이현동)
501,기타,신라식품,053-352-2227,막창,대구광역시 서구 가르뱅이로16길 16-9 (상리동)
502,기타,(주)혜성섬유제2공장,053-352-2266,원사와인더가공품,대구광역시 서구 염색공단천로1길 35 (비산동)
503,기타,우리제어,053-352-3797,자동화기계,대구광역시 서구 염색공단천로 72 (비산동)
504,기타,계진푸드,053-352-5535,닭고기가공,"대구광역시 서구 서대구로63길 11,  5층 (비산동)"
505,기타,대용기계,053-352-9097,염색기,"대구광역시 서구 팔달로2길 4 (비산동, 화신에너지)"
506,기타,금성제면,053-352-9787,"국수,쌀떡","대구광역시 서구 서대구로61길 41 (비산동, 금성제연)"
507,기타,부광기계공업사,053-353-0511,유직기,"대구광역시 서구 염색공단천로 77 (비산동, 복현식당)"
508,기타,동보프라테크,053-353-1234,공중합체관,"대구광역시 서구 염색공단천로12길 2 (비산동, 동보PRC)"
509,기타,우연맨홀,053-353-2033,콘크리트 맨홀,대구광역시 서구 이현동 576 번지
510,기타,(주)에스에스에이취,053-353-2452,폴리에스텔,대구광역시 서구 염색공단천로 106-8 (비산동) (총 2 필지)
511,기타,참마음식품,053-353-3665,양념계육,대구광역시 서구 북비산로17길 15 (이현동)
512,기타,해성금형,053-353-3708,금형제품,대구광역시 서구 팔달로2길 63 (비산동)
513,기타,(주)이엘피,053-353-4991,첨단검사장비,대구광역시 서구 염색공단로 12 (비산동)
514,기타,화성밸브(주),053-353-5789,산업용밸브,"대구광역시 서구 팔달로2길 29 (비산동, 화성)"
515,기타,주식회사 영남금속공업,053-353-6360,도금(자동차부품),대구광역시 서구 염색공단천로 92-1 (비산동)
516,기타,신안산업사,053-353-7615,안경,"대구광역시 서구 달서천로83길 32-1 (원대동2가, 인화정밀)"
517,기타,(주)동화에스티엠,053-353-9018,자동제어판넬,대구광역시 서구 서대구로62길 35 (비산동)
518,기타,(주)앤디아이,053-353-9600,교직물가공,대구광역시 서구 염색공단중앙로22길 33 (비산동)
519,기타,삼성교역(주),053-354-0541,나일론,"대구광역시 서구 염색공단로13길 18 (비산동, 삼성교역)"
520,기타,(주)토치,053-354-1269,사무용의자,대구광역시 서구 염색공단천로14길 16-11 (비산동)
521,기타,진영금속,053-354-1305,자동차부품,"대구광역시 서구 염색공단천로6길 6-1 (비산동, 금산정밀)"
522,기타,우삼진공펌프,053-354-3196,수봉식진공펌프,대구광역시 서구 염색공단중앙로14길 33 (비산동)
523,기타,이엘피(영명정기),053-354-5945,비닐 자동포장기,"대구광역시 서구 염색공단천로1길 36 (비산동, 영명정기)"
524,기타,엑스플로어(주)대구,053-354-6031,폴리에스터,대구광역시 서구 염색공단천로 61 (비산동)
525,기타,(주)씨에이치테크,053-355-0555,플라스틱 마대,대구광역시 서구 염색공단천로14길 14 (비산동)
526,기타,주식회사에이치아이옵틱,053-355-3131,기계부품,대구광역시 서구 염색공단천로14길 15-4 (비산동)
527,기타,대림초경,053-355-4288,자동차부품 금형,"대구광역시 서구 염색공단천로8길 16, 5동 (비산동)"
528,기타,한보산업사,053-355-5518,주방용품,대구광역시 서구 염색공단천로6길 8 (비산동)
529,기타,성광아이엔디,053-355-5812,임가공 및 산업기계제작,"대구광역시 서구 염색공단천로 79 (비산동, 영동정밀)"
530,기타,(주)이티아이,053-356-4617,"버터플라이,밸브 및기타밸브","대구광역시 서구 염색공단로 18 (비산동, 신우밸브)"
531,기타,대우정비,053-356-5550,"자동차적재함, 차체",대구광역시 서구 비산동 2003-5번지
532,기타,태양지기산업사,053-356-5710,종이박스,대구광역시 서구 북비산로29길 55 (이현동)
533,기타,성공산업,053-356-9268,금형,대구광역시 서구 염색공단천로14길 9-4 (비산동)
534,기타,진성전착,053-357-1137,자동차 및 기계 부품 도장,대구광역시 서구 염색공단천로 42 (비산동)
535,기타,콩사랑식품,053-357-1211,청국장,대구광역시 서구 달서천로53길 34-67 (비산동)
536,기타,(주)새한기전,053-357-1855,배전반,대구광역시 서구 염색공단천로16길 3 (비산동)
537,기타,진성금속,053-357-2029,볼트,대구광역시 서구 팔달로2길 70 (비산동)
538,기타,도이퍼니처,053-357-3296,"책장,수납장,책상","대구광역시 서구 달서천로 421 (원대동1가, 광덕OA프라자)"
539,기타,오륜기계기료공업사,053-357-7585,섬유기계부품,"대구광역시 서구 서대구로63길 20 (비산동, 부경정밀)"
540,기타,(주)수양,053-357-7799,"식물성유지, 발수제, 지력제, 지관",대구광역시 서구 비산7동 2049-8번지 외 1필지
541,기타,서진텍스,053-357-8276,자수레이스,"대구광역시 서구 염색공단천로10길 15 (비산동, 미산프라스틱)"
542,기타,삼보산업사,053-357-8312,안경테,"대구광역시 서구 염색공단천로12길 18 (비산동, 삼보산업)"
543,기타,일성정밀공업사,053-358-9234,펌프,"대구광역시 서구 서대구로63길 32 (비산동, 일성정밀)"
544,기타,스마일테크,053-359-0465,사출금형가공,"대구광역시 서구 염색공단로 14 (비산동, 스마일테크)"
545,기타,초석정밀,053-359-0760,절삭 공구류(반제품),대구광역시 서구 팔달로2길 55 (비산동)
546,기타,대구특수엠보텍스,053-359-1386,섬유 엠보싱 임가공,대구광역시 서구 염색공단로11길 55 (비산동)
547,기타,(주)태영산업,053-359-1880,도금,대구광역시 서구 염색공단천로12길 6 (비산동)
548,기타,(주)현대화성,053-359-3734,에폭시도막 방수재,"대구광역시 서구 염색공단천로1길 34 (비산동, 금산정밀)"
549,기타,주식회사 셰프링,053-381-7791,"후라이팬, 냄비",대구광역시 서구 염색공단천로14길 15-4 (비산동)
550,기타,태산ENC,053-384-5629,전기분전반,"대구광역시 서구 염색공단천로14길 16-9 (비산동, 영일물류)"
551,기타,신진산업,053-384-6501,"알루미늄시트,갈바가공",대구광역시 서구 와룡로70길 57 (중리동)
552,기타,보강산업,053-476-0090,조립식구조물 등,대구광역시 서구 북비산로 108-15 (이현동)
553,기타,(합)광명전설,053-521-4612,태양광발전 접속반,대구광역시 서구 와룡로66길 65-7 (중리동)
554,기타,대정섬유,053-522-2238,합성섬유,"대구광역시 서구 가르뱅이로6길 42 (이현동, 대정섬유)"
555,기타,세브란스유니폼,053-522-2944,유니폼,대구광역시 서구 북비산로 129 (평리동)
556,기타,용화,053-522-5212,양말,대구광역시 서구 새방로27길 17-9 (상리동)
557,기타,(주)에스케이엠메디칼,053-522-8755,의료용 부목,"대구광역시 서구 팔달로18길 8, 2층 (비산동)"
558,기타,대창텔레콤(주),053-522-9088,"CCTV, 전광판","대구광역시 서구 달서로 84,  3층 (비산동)"
559,기타,주식회사광진정밀,053-523-6348,자동차프레스금형,대구광역시 서구 가르뱅이로6길 35 (이현동)
560,기타,대영정밀제2공장,053-525-6090,"임플란트머신,치과시술용앵글",대구광역시 서구 와룡로90길 34 (이현동)
561,기타,(주)와이앤피,053-526-0584,여성의류,대구광역시 서구 달서로 70 (비산동)
562,기타,(주)채비,053-526-4226,천연염색의류,대구광역시 서구 국채보상로83길 13 (비산동)
563,기타,(주)씨앤보코,053-552-1334,여성정장,대구광역시 서구 달구벌대로371길 3 (내당동)
564,기타,이에스컴퍼니,053-552-2050,자동화설비시스템,"대구광역시 서구 북비산로17길 18 (이현동, 한영통상)"
565,기타,갑우정밀공업사,053-552-2700,노광기,대구광역시 서구 가르뱅이로21길 11 (상리동)
566,기타,(주)뉴대구정비공업사,053-552-5481,건설기계정비,대구광역시 서구 평리로35길 38 (중리동) (총 2 필지)
567,기타,강원산업사,053-552-9399,금형,대구광역시 서구 가르뱅이로21길 28-9 (상리동)
568,기타,유창섬유,053-553-4024,양말,대구광역시 서구 와룡로72길 62 (중리동)
569,기타,도매유리,053-553-6262,"복층유리,유리가공",대구광역시 서구 북비산로29길 48 (이현동)
570,기타,송화침장,053-553-9632,침구,대구광역시 서구 달구벌대로371길 24 (내당동)
571,기타,선진애드,053-555-3336,"서식,책자",대구광역시 서구 당산로88길 24 (평리동)
572,기타,주식회사세이프로드,053-555-8837,"볼라드,차선분리대,휀스",대구광역시 서구 가르뱅이로10길 3-7 (상리동)
573,기타,화신섬유(주),053-556-7449,양말,대구광역시 서구 달구벌대로377안길 17-7 (내당동)
574,기타,세광정밀(주),053-556-8511,"포탄신관부품, 항공기용부품",대구광역시 서구 가르뱅이로16길 16-10 (상리동)
575,기타,동광명품방화문,053-557-5555,"방화문,방음문,철재문",대구광역시 서구 염색공단천로3길 11 (비산동)
576,기타,보성종합정비(주),053-558-0050,건설기계정비,대구광역시 서구 북비산로 87 (이현동)
577,기타,주식회사이노그라비아,053-558-2971,"인쇄용롤,엠보용롤,엠조평판,UV Printe 금형",대구광역시 서구 와룡로69길 21 (중리동)
578,기타,서광사,053-558-5984,의복(교복),대구광역시 서구 통학로30길 2 (평리동)
579,기타,대본보링사,053-559-0188,원동기수리,"대구광역시 서구 북비산로 77-6 (이현동, 신대본정비)"
580,기타,(주)아림양말,053-559-2095,양말,대구광역시 서구 서대구로33길 6-20 (평리동)
581,기타,(주)동광명품도어비산공장,053-559-6653,"방화문, 철재문",대구광역시 서구 염색공단천로3길 11 (비산동)
582,기타,(주)동광명품도어,053-559-6653,"방화문, 철제문",대구광역시 서구 염색공단천로3길 5 (비산동)
583,기타,현대상사,053-559-8700,하네스,대구광역시 서구 국채보상로19길 8 (이현동)
584,기타,(주)세아정밀,053-561-0331,인쇄물,"대구광역시 서구 북비산로 97 (이현동, 세아정밀)"
585,기타,우진산업,053-561-7584,기계부품,"대구광역시 서구 가르뱅이로6길 45 (이현동, 우진산업)"
586,기타,남창산업,053-561-8001,문지,대구광역시 서구 당산로69길 19 (중리동)
587,기타,유니앤폼,053-562-8777,"의복(유니폼,병원간호복)외",대구광역시 서구 달서로26길 45 (비산동)
588,기타,신흥섬유,053-563-9492,면티,대구광역시 서구 당산로 257 (내당동)
589,기타,성진산업,053-565-2882,침구류,대구광역시 서구 중리동 1101-2번지
590,기타,포그난,053-565-5554,"블라인드,커튼","대구광역시 서구 당산로67길 26 (중리동, 대일빌딩)"
591,기타,대경제과,053-565-9804,빵류,대구광역시 서구 문화로 263-10 (평리동)
592,기타,녹원,053-566-1090,침구류,"대구광역시 서구 문화로51길 5 (평리동, 녹원침장)"
593,기타,(주)뉴동광건설산업,053-566-4849,"디자인펜스,금속울타리",대구광역시 서구 달서천로74길 5-32 (원대동1가)
594,기타,송원기업사,053-567-1450,"자동차부품,섬유기계부품","대구광역시 서구 북비산로29길 57 (이현동, 송원기업사)"
595,기타,태평연승공업사,053-567-6002,"끈,로프","대구광역시 서구 와룡로66길 69 (중리동, 연승공업사)"
596,기타,서진창호,053-571-7300,PVC창호,대구광역시 서구 북비산로13길 24 (이현동)
597,기타,주식회사 서우 평리지점,053-573-5050,의류,대구광역시 서구 북비산로59길 7-1 (평리동)
598,기타,(주)서우 서대구지점,053-573-5050,침구류,대구광역시 서구 와룡로72길 59 (중리동)
599,기타,대산상사(주),053-581-5399,문구용 종이제품,"대구광역시 서구 평리로35길 48 (중리동, 일광 전자)"
600,기타,신라종합건기(주),053-582-0102,하수도준설차 등,대구광역시 서구 가르뱅이로 79-15 (상리동)
601,기타,대일P&B,053-582-5080,칼라박스,대구광역시 서구 북비산로 105-8 (이현동)
602,기타,죽암에프에이,053-588-8993,부품조립자동화설비,"대구광역시 서구 와룡로66길 65-13, 2동 (중리동)"
603,기타,주식회사 굿유니폼 비산공장,053-589-5500,"병원유니폼, 사무복",대구광역시 서구 국채보상로 405 (비산동)
604,기타,주식회사굿유니폼,053-589-5511,유니폼,대구광역시 서구 달서로15길 9-9 (비산동)
605,기타,태림A&C,053-591-9789,염색기계장비,대구광역시 서구 염색공단천로12길 5 (비산동)
606,기타,(주)디에이치하이텍,053-592-3925,기계부품,대구광역시 서구 팔달로2길 61 (비산동)
607,기타,주식회사 엘존,053-625-5966,모기박멸장비,대구광역시 서구 통학로 183-1 (평리동)
608,기타,보성산업,053-634-4550,저온창고 냉동기 및 컨트롤 박스,대구광역시 서구 가르뱅이로20길 2 (상리동)
609,기타,인화건설산업(주),053-639-1613,방음판,대구광역시 서구 가르뱅이로 93-5 (상리동)
610,기타,신창씨링인쇄사,053-655-3084,"인쇄물,라벨,스티커,태그","대구광역시 서구 달서로4길 10 (내당동, 신창씨링인쇄소)"
611,기타,주식회사 대구봉제,053-657-0042,작업복,"대구광역시 서구 서대구로 129, 5층 의료봉제 지원센타 (평리동)"
612,기타,나래디자인,053-657-6600,"간판, 현수막,인쇄물",대구광역시 서구 문화로 156-1 (평리동)
613,기타,(주)에코아,053-720-9911,LED조명,대구광역시 서구 달서천로87길 7 (원대동1가)
614,기타,아이에스산업,053-743-5662,"구명조끼,가방,각종 봉제품",대구광역시 서구 통학로 203 (평리동)
615,기타,뉴크린,053-744-6663,"LED조명,LED스틱바",대구광역시 서구 서대구로3길 65-36 (내당동)
616,기타,초록,053-746-0052,기능성휴지통,대구광역시 서구 가르뱅이로6길 47 (이현동)
617,기타,주식회사 거성에너지,053-762-1159,전열기기,대구광역시 서구 가르뱅이로9길 8 (상리동)
618,기타,서연유니폼,053-951-9483,병원 환자복 등,"대구광역시 서구 국채보상로38길 66, 1층 (중리동)"
619,기타,(주)현대건설기계정비,053-582-0113,하수도준설차,대구광역시 서구 가르뱅이로 79-15 (상리동)
